company,jobtitle,applicationdate,status,location,anstellungsart
FINOVESTA GmbH,Softwareentwickler ,2026-02-25,Rejected,"Düsseldorf, Germany",Festanstellung
urlaubsexperte,Webentwickler ,2026-03-24,Applied,"Düsseldorf, Germany",Festanstellung
designverign,Webentwickler ,2026-03-24,Applied,"Düsseldorf, Germany",Festanstellung
OINK Recruting GmbH,Cloud Administrator,2026-03-24,Rejected,"Cologne, Germany",Festanstellung
Dotzilla GmbH & Co. KG,Backend-Entwickler,2026-03-24,Applied,"Oberhausen, Germany",Festanstellung
Hottgenroth Gruppe,Softwareentwickler,2026-03-24,Applied,"Cologne, Germany",Festanstellung
CompuSafe Data Systems AG,Python Softwareentwickler,2026-03-24,Applied,"Munich, Germany",Festanstellung
WetterOnline GmbH,Software entwickler,2026-03-24,Rejected,"Bonn, Germany",Festanstellung
 DocCheck ,Junior AI Automation Engineer,2026-03-24,Interviewing,"Cologne, Germany",Festanstellung
ITK Rheinland ,IT-Anwendungsbetreuer,2026-03-25,Rejected,"Neuss, Germany",Festanstellung
AOE Solutions GmbH,AI Engineer,2026-03-25,Rejected,"Wiesbaden, Germany",Festanstellung
pwc,AI Software Engineer,2026-03-25,Rejected,"Frankfurt, Germany",Festanstellung
ATLM GmbH,Softwareentwickler ,2026-03-25,Rejected,"Stuttgart, Germany",Festanstellung
jovoco GmbH,Softwareentwickler ,2026-03-25,Rejected,"Deißlingen, Germany",Festanstellung
ARAG IT GmbH,Junior Conversational AI Developer,2026-03-27,Rejected,"Düsseldorf, Germany",Festanstellung
adesso SE,Software Engineer Conversational AI,2026-03-27,Rejected,"Düsseldorf, Germany",Festanstellung
msg gmbh,Software Engineer AI-Agents,2026-03-27,Rejected,"Ismaning, Germany",Festanstellung
AlphaConsult-Gruppe,Fullstack Entwickler (React/Python),2026-03-28,Applied,"Nuremberg, Germany",Festanstellung
SPIE GSA Business Services GmbH,Softwareentwickler:in Java,2026-03-28,Applied,"Düsseldorf, Germany",Festanstellung
Capgemini,Software Engineer,2026-03-30,Rejected,"Berlin, Germany",Festanstellung
eEvolution,Softwareentwickler ,2026-04-02,Applied,"Hildesheim, Germany",Festanstellung
ESPERA-WERKE GMBH,Softwareentwickler ,2026-04-09,Rejected,"Duisburg, Germany",Festanstellung
Avetix,Senior & Junior Software Engineers - AI,2026-04-13,Applied,"Leeds, England",Festanstellung
MVZ Düsseldorf-Centrum GbR,Fullstack-Entwickler,2026-04-13,Applied,"Düsseldorf, Germany",Festanstellung
zollSoft,Softwareentwickler ,2026-04-13,Applied,"Jena, Germany",Festanstellung
GUDE Systems GmbH,Softwareentwickler ,2026-04-13,Applied,"Cologne, Germany",Festanstellung
humbee solutions GmbH,Softwareentwickler C#,2026-04-13,Applied,"Meerbusch, Germany",Festanstellung
CENIT AG,Softwareentwickler ECM,2026-04-13,Rejected,"Stuttgart, Germany",Festanstellung
ANG GmbH,Softwareentwickler GO,2026-04-13,Rejected,"Nuremberg, Germany",Festanstellung
AVEX Automotive,AI & Automation Engineer,2026-04-15,Applied,"Hamburg, Germany",Festanstellung
Taod Consulting GmbH,Junior AI Engineer,2026-04-15,Rejected,"Cologne, Germany",Festanstellung
FUNKE,Junior Automation & KI-Entwickler,2026-04-15,Rejected,"Essen, Germany",Festanstellung
neuland.ai,AI Developer (Agents & Automation),2026-04-16,Applied,"Cologne, Germany",Festanstellung
THRYVE ,junior Softwareentwickler ,2026-04-16,Rejected,"Berlin, Germany",Festanstellung
zoxs,junior Softwareentwickler ,2026-04-21,Applied,"Wesel, Germany",Festanstellung
deloitte,cloud engineer,2026-04-21,Applied,"Düsseldorf, Germany",Festanstellung
dainox,junior Softwareentwickler ,2026-04-21,Rejected,"Rammingen, Germany",Festanstellung
A-Team Eve,Front-End-Entwickler:in,2026-04-21,Applied,"Düsseldorf, Germany",Festanstellung
EICKHOFF Personal GmbH,junior Softwareentwickler ,2026-04-24,Applied,"Düsseldorf, Germany",Festanstellung
ViSenSys GmbH,junior Softwareentwickler ,2026-04-24,Applied,"Dortmund, Germany",Festanstellung
Sparkasse,KI Entwickler,2026-04-24,Rejected,"Berlin, Germany",Festanstellung
Rabb IT Solutions GmbH,AI Solutions Engineer,2026-04-24,Applied,"Katzenelnbogen, Germany",Festanstellung
Flender,Mobile App Developer,2026-04-26,Rejected,"Bocholt, Germany",Festanstellung
muli cycles,Softwareentwickler ,2026-05-03,Rejected,"Cologne, Germany",Festanstellung
CHECK24,Softwareentwickler ,2026-05-03,Rejected,"Munich, Germany",Festanstellung
sopra steria,AI Backend Developer,2026-05-05,Rejected,"Düsseldorf, Germany",Festanstellung
SBRS GmbH,Junior Softwareentwickler,2026-05-05,Rejected,"Dinslaken, Germany",Festanstellung
FERCHAU Engineering GmbH,Junior Softwareentwickler,2026-05-05,Rejected,"Gummersbach, Germany",Festanstellung
reply,junior AI/Cloud Engineer,2026-05-06,Rejected,"Ismaning, Germany",Festanstellung
PropertyExpert GmbH,Softwareentwickler C#/. NET für nachhaltige Produktentwicklung mit KI,2026-05-06,Applied,"Langenfeld, Germany",Festanstellung
HOCHTIEF,Backend-Developer (m/w/d) Cloud & Fullstack,2026-05-06,Interviewing,"Essen, Germany",Festanstellung
Steadforce,Junior Softwareentwickler,2026-05-06,Rejected,"Munich, Germany",Festanstellung
EICKHOFF Personal GmbH,junior Softwareentwickler ,2026-05-06,Rejected,"Düsseldorf, Germany",Festanstellung
code compass,Web Developer,2026-05-06,Rejected,"Gurgaon, India",Festanstellung
synctive,Fullstack Developer ,2026-05-06,Rejected,"Bielefeld, Germany",Festanstellung
coconet,junior Softwareentwickler ,2026-05-06,Rejected,"Düsseldorf, Germany",Festanstellung
WeShareEnergy,Fullstack Developer ,2026-05-06,Applied,"Düsseldorf, Germany",Festanstellung
ProEco Rheinland GmbH & Co. KG,Fullstack Developer ,2026-05-06,Rejected,"Düsseldorf, Germany",Festanstellung
GROHE,Junior Cloud Developer,2026-05-06,Applied,"Düsseldorf, Germany",Festanstellung
Pexon Consulting GmbH,Praktikum im Bereich Automation & KI,2026-05-06,Rejected,"Grünwald, Germany",Praktikum
VS-Apps GmbH,Industriepraktikum Softwareentwicklung,2026-05-06,Interviewing,"Aachen, Germany",Praktikum
itestra GmbH,Werkstudent Software Engineer,2026-05-06,Rejected,"Munich, Germany",Werkstudium
G Data,Softwareentwickler (m/w/d) - C# .NET & React,2026-05-07,Rejected,"Bochum, Germany",Festanstellung
comma soft,Initiativ­bewerbung,2026-05-07,Rejected,"Bonn, Germany",Festanstellung
Atruvia,Fullstack Developer ,2026-05-07,Rejected,"Karlsruhe, Germany",Festanstellung
Edgeless systems,Initiativ­bewerbung,2026-05-12,Rejected,"Bochum, Germany",Festanstellung
Accenture Germany,Junior Java Entwickler,2026-05-14,Rejected,"Kronberg im Taunus, Germany",Festanstellung
sciencentric® AG,Junior Fullstack Developer,2026-05-14,Applied,"Düsseldorf, Germany",Festanstellung
Scopevisio AG,AI Software Engineer,2026-05-27,Rejected,"Bonn, Germany",Festanstellung
cyber:con,Backend-Entwickler,2026-05-27,Applied,"Bonn, Germany",Festanstellung
mgm technology partners,Fullstack Developer ,2026-05-27,Applied,"Munich, Germany",Festanstellung
Universitätsklinikum Düsseldorf,Fachinformatiker,2026-05-27,Applied,"Düsseldorf, Germany",Festanstellung
Landesamt für Besoldung und Versorgung NRW,Fachinformatiker,2026-05-27,Applied,"Düsseldorf, Germany",Festanstellung
rhenag Rheinische Energie AG,Backend-Entwickler,2026-05-27,Applied,"Cologne, Germany",Festanstellung
BABLE Smart Cities Iberia,Back-end Python Web Developer,2026-05-27,Applied,"Barcelona, Spain",Festanstellung
Thomson Reuters,Software-Entwickler,2026-05-28,Applied,"Frankfurt, Germany",Festanstellung
Lüddemann Investments GmbH,Anwendungsentwickler,2026-05-28,Applied,"Verl, Germany",Festanstellung
Ergon Informatik AG,junior Software Engineer,2026-05-28,Rejected,"Zurich, Switzerland",Festanstellung
Rocken,softwareentwickler junior,2026-05-28,Rejected,"Zurich, Switzerland",Festanstellung
AXA,software engineer python,2026-05-28,Rejected,"Cologne, Germany",Festanstellung
google,"Software Engineer III, Full Stack, Shopping on Gemini - Zurich",2026-05-28,Applied,"Zurich, Switzerland",Festanstellung
Intersolute GmbH,softwareentwickler junior,2026-05-28,Applied,"Mönchengladbach, Germany",Festanstellung
Market control,Intern Junior Programmer,2026-05-29,Applied,"Barcelona, Spain",Praktikum
morefire GmbH,Junior KI Entwickler ,2026-05-29,Rejected,"Cologne, Germany",Festanstellung
beON consult,Praktikum Softwareentwicklung & Operations,2026-05-29,Applied,"Kiel, Germany",Praktikum
lise GmbH,Junior Softwareentwickler*in,2026-05-29,Applied,"Cologne, Germany",Festanstellung
Industrial Analytics Lab GmbH,Junior Software Developer ,2026-05-29,Applied,"Wetter, Germany",Festanstellung
Wasi GmbH,KI-Entwickler / Prompt Engineer / Big Data ,2026-05-29,Applied,"Wuppertal, Germany",Festanstellung
RESORTI GmbH & Co. KG,KI & Automation Assistant (w/m/d) | Minijob,2026-05-29,Applied,"Coesfeld, Germany",Minijob
sync.blue® GmbH ,Python Developer – Django  ,2026-05-29,Rejected,"Haltern am See, Germany",Festanstellung
it-motive AG,Junior Softwareentwickler Backend,2026-05-29,Applied,"Duisburg, Germany",Festanstellung
KPMG,Fachinformatiker für Anwendungsentwicklung,2026-05-29,Applied,"Berlin, Germany",Festanstellung
INCONSULT GmbH,(Junior) Cloud Developer,2026-05-29,Applied,"Duisburg, Germany",Festanstellung
jobware,softwareentwickler,2026-06-01,Applied,"Paderborn, Germany",Festanstellung
Rheinmetall,softwareentwickler,2026-06-01,Applied,"Bremen, Germany",Festanstellung
1&1,Trainee AI,2026-06-01,Applied,"Montabaur, Germany",Trainee Programm
Spilberg IT,Fullstack Developer ,2026-06-02,Applied,"Düsseldorf, Germany",Festanstellung
HAEGER Holding GmbH,Webentwickler ,2026-06-02,Applied,"Düsseldorf, Germany",Festanstellung
humbee solutions GmbH,Entwickler C#,2026-06-02,Applied,"Meerbusch, Germany",Festanstellung
DMRZ,Backend Developer (m/w/d) – Healthcare SaaS,2026-06-02,Rejected,"Düsseldorf, Germany",Festanstellung
Deichmann,AI Engineer – Agentic AI,2026-06-02,Rejected,"Essen, Germany",Festanstellung
adesso SE,Agentic Low Code Developer,2026-06-02,Applied,"Dortmund, Germany",Festanstellung
Zurich Insurance,Agentic AI Solution Engineer,2026-06-02,Rejected,"Zürich, Switzerland",Festanstellung
api Computerhandels GmbH,KI-Automatisierungs- & Implementierungs-Spezialist / AI Automation Engineer,2026-06-02,Applied,"Baesweiler, Germany",Festanstellung
flaschenpost SE,Low-Code Developer ,2026-06-02,Applied,"Münster, Germany",Festanstellung
CHECK24 ,Junior) AI Engineer (m/w/d) Testautomatisierung,2026-06-03,Applied,"Munich, Germany",Festanstellung
cubikom GmbH,Softwareentwickler C# für CAD-Applikationen,2026-06-03,Applied,"Troisdorf, Germany",Festanstellung
epiNET ,Softwareentwickler,2026-06-03,Rejected,"Rottenburg am Neckar, Germany",Festanstellung
Rausgegangen ,FULLSTACK ODER BACKEND ENTWICKLER,2026-06-03,Applied,"Cologne, Germany",Festanstellung
TELiAS GmbH,Full-Stack Entwickler,2026-06-03,Rejected,"Cologne, Germany",Festanstellung
Finanz Informatik,Java Softwareentwickler,2026-06-03,Applied,"Frankfurt, Germany",Festanstellung
MERKUR GROUP,Junior Softwareentwickler C / C++,2026-06-03,Applied,"Espelkamp, Germany",Festanstellung
cyclos design GmbH,Junior Web-Entwickler,2026-06-03,Applied,"Münster, Germany",Festanstellung